-- --------------------------------------------------------
-- Host:                         127.0.0.1
-- Versión del servidor:         8.0.29 - MySQL Community Server - GPL
-- SO del servidor:              Win64
-- HeidiSQL Versión:             12.8.0.6908
-- --------------------------------------------------------

/*!40101 SET @OLD_CHARACTER_SET_CLIENT=@@CHARACTER_SET_CLIENT */;
/*!40101 SET NAMES utf8 */;
/*!50503 SET NAMES utf8mb4 */;
/*!40103 SET @OLD_TIME_ZONE=@@TIME_ZONE */;
/*!40103 SET TIME_ZONE='+00:00' */;
/*!40014 SET @OLD_FOREIGN_KEY_CHECKS=@@FOREIGN_KEY_CHECKS, FOREIGN_KEY_CHECKS=0 */;
/*!40101 SET @OLD_SQL_MODE=@@SQL_MODE, SQL_MODE='NO_AUTO_VALUE_ON_ZERO' */;
/*!40111 SET @OLD_SQL_NOTES=@@SQL_NOTES, SQL_NOTES=0 */;


-- Volcando estructura de base de datos para ludotecadb
CREATE DATABASE IF NOT EXISTS `ludotecadb` /*!40100 DEFAULT CHARACTER SET utf8mb3 */ /*!80016 DEFAULT ENCRYPTION='N' */;
USE `ludotecadb`;

-- Volcando estructura para tabla ludotecadb.configuracion
CREATE TABLE IF NOT EXISTS `configuracion` (
  `id` int NOT NULL AUTO_INCREMENT,
  `ConfigName` varchar(45) DEFAULT NULL,
  `ConfigDescripcion` varchar(100) DEFAULT NULL,
  `ConfigStringValue` varchar(300) DEFAULT NULL,
  `ConfigBoolValue` tinyint DEFAULT NULL,
  `ConfigIntValue` int DEFAULT NULL,
  `ConfigDecimalValue` decimal(5,2) DEFAULT NULL,
  `status` int NOT NULL DEFAULT '1',
  PRIMARY KEY (`id`)
) ENGINE=InnoDB AUTO_INCREMENT=8 DEFAULT CHARSET=utf8mb3;

-- Volcando datos para la tabla ludotecadb.configuracion: ~7 rows (aproximadamente)
INSERT INTO `configuracion` (`id`, `ConfigName`, `ConfigDescripcion`, `ConfigStringValue`, `ConfigBoolValue`, `ConfigIntValue`, `ConfigDecimalValue`, `status`) VALUES
	(1, 'PrecioMinutoTreintaMin', 'Precio de minuto de la primera media hora de 0 - 35 mins', NULL, NULL, NULL, 2.60, 1),
	(2, 'EdadMinima', 'Edad minima del niño(a)', NULL, NULL, 1, NULL, 1),
	(3, 'EdadMaxima', 'Edad maxima del niño(a)', NULL, NULL, 15, NULL, 1),
	(4, 'RutaTicket', 'Ruta del ticket', 'C:\\Casita de Molly', NULL, NULL, NULL, 1),
	(5, 'PrecioNiñoAdicional', 'Precio para niño adicional para una fiesta', NULL, NULL, NULL, 400.00, 1),
	(6, 'PrecioMinutoSesentaMin', 'Precio del minuto despues de 35 minutos', NULL, NULL, NULL, 2.21, 1),
	(7, 'PrecioMinutoDespuesServicio', 'Precio del minuto despues de que se usó un servicio', NULL, NULL, NULL, 2.10, 1);

-- Volcando estructura para tabla ludotecadb.fiestas
CREATE TABLE IF NOT EXISTS `fiestas` (
  `id` int NOT NULL AUTO_INCREMENT,
  `idServicio` int DEFAULT NULL,
  `idTurno` int DEFAULT NULL,
  `Fecha` date DEFAULT NULL,
  `Tematica` varchar(45) DEFAULT NULL,
  `EdadACumplir` int DEFAULT NULL,
  `TipoComida` varchar(45) DEFAULT NULL,
  `NinosAdicionales` int DEFAULT NULL,
  `Anticipo` decimal(8,0) DEFAULT '0',
  `Total` decimal(8,0) DEFAULT '0',
  `status` smallint DEFAULT '1',
  PRIMARY KEY (`id`),
  KEY `fk_Fiesta_Servicio_idx` (`idServicio`),
  KEY `fk_Fiesta_Turno_idx` (`idTurno`),
  CONSTRAINT `fk_Fiesta_Servicio` FOREIGN KEY (`idServicio`) REFERENCES `servicios` (`id`),
  CONSTRAINT `fk_Fiesta_Turno` FOREIGN KEY (`idTurno`) REFERENCES `turnos` (`id`)
) ENGINE=InnoDB AUTO_INCREMENT=38 DEFAULT CHARSET=utf8mb3;

-- Volcando datos para la tabla ludotecadb.fiestas: ~14 rows (aproximadamente)
INSERT INTO `fiestas` (`id`, `idServicio`, `idTurno`, `Fecha`, `Tematica`, `EdadACumplir`, `TipoComida`, `NinosAdicionales`, `Anticipo`, `Total`, `status`) VALUES
	(24, 8, 2, '2024-11-12', 'Harry Poter', 12, 'Pizza Peperoni', 2, 1000, 9800, 1),
	(25, 9, 3, '2024-11-12', 'Spiderman', 12, 'Pizza', 1, 2000, 12400, 1),
	(26, 10, 2, '2024-11-14', 'Batman', 12, 'Tacos al vapor', 2, 1500, 5800, 1),
	(27, 10, 2, '2024-11-05', 'POrt', 13, 'Pizza', 2, 1520, 5800, 1),
	(28, 10, 2, '2024-11-21', 'ssf', 12, 'sdfsd', 0, 1450, 5000, 1),
	(29, 9, 2, '2024-11-19', 'dfgf', 45354, 'ghjgh', 0, 353, 12000, 1),
	(30, 10, 2, '2024-11-27', 'fghfg', 345, 'fdg', 0, 4534, 5000, 1),
	(31, 10, 2, '2024-11-13', 'TematicaUpdated2', 2432, 'ComidaUpdated2', 2, 3242, 5800, 1),
	(32, 9, 3, '2024-11-30', 'ghjgh', 5345, 'gsdf', 0, 44, 12000, 1),
	(33, 9, 2, '2024-11-09', 'hhh', 66, 'hjhg', 0, 888, 12000, 1),
	(34, 10, 2, '2024-11-22', 'fgdfg', 34534, 'fdfgdfg', 0, 534, 5000, 1),
	(35, 9, 3, '2024-11-11', 'TematicaUpdated', 345, 'ComidaUpdated', 0, 424, 12000, 1),
	(36, 10, 2, '2024-11-16', 'fsdfs', 4534, 'fsfd', 0, 64, 5000, 1),
	(37, 10, 2, '2024-11-26', 'fwef', 34534, 'dfgdf', 0, 23423, 5000, 1);

-- Volcando estructura para tabla ludotecadb.fiesta_hijo
CREATE TABLE IF NOT EXISTS `fiesta_hijo` (
  `id` int NOT NULL AUTO_INCREMENT,
  `id_Fiesta` int DEFAULT NULL,
  `id_Hijo` int DEFAULT NULL,
  PRIMARY KEY (`id`),
  KEY `fk_Fiesta_Fiesta_idx` (`id_Fiesta`),
  KEY `fk_Fiesta_Hijo_idx` (`id_Hijo`),
  CONSTRAINT `fk_Fiesta_Fiesta` FOREIGN KEY (`id_Fiesta`) REFERENCES `fiestas` (`id`),
  CONSTRAINT `fk_Fiesta_Hijo` FOREIGN KEY (`id_Hijo`) REFERENCES `hijos` (`id`)
) ENGINE=InnoDB AUTO_INCREMENT=23 DEFAULT CHARSET=utf8mb3;

-- Volcando datos para la tabla ludotecadb.fiesta_hijo: ~22 rows (aproximadamente)
INSERT INTO `fiesta_hijo` (`id`, `id_Fiesta`, `id_Hijo`) VALUES
	(1, 24, 1),
	(2, 24, 3),
	(3, 25, 1),
	(4, 26, 3),
	(5, 27, 3),
	(6, 27, 1),
	(7, 28, 1),
	(8, 28, 3),
	(9, 29, 3),
	(10, 30, 1),
	(11, 31, 1),
	(12, 31, 3),
	(13, 32, 3),
	(14, 33, 3),
	(15, 34, 1),
	(16, 34, 3),
	(17, 35, 3),
	(18, 35, 1),
	(19, 36, 1),
	(20, 36, 3),
	(21, 37, 3),
	(22, 37, 1);

-- Volcando estructura para tabla ludotecadb.gafetes
CREATE TABLE IF NOT EXISTS `gafetes` (
  `id` int NOT NULL AUTO_INCREMENT,
  `Numero` int NOT NULL,
  `Asignado` smallint NOT NULL DEFAULT '0',
  `status` smallint NOT NULL DEFAULT '1',
  PRIMARY KEY (`id`)
) ENGINE=InnoDB AUTO_INCREMENT=22 DEFAULT CHARSET=utf8mb3;

-- Volcando datos para la tabla ludotecadb.gafetes: ~21 rows (aproximadamente)
INSERT INTO `gafetes` (`id`, `Numero`, `Asignado`, `status`) VALUES
	(1, 10, 0, 1),
	(2, 11, 0, 1),
	(3, 12, 0, 1),
	(4, 13, 1, 1),
	(5, 14, 1, 1),
	(6, 15, 1, 1),
	(7, 16, 0, 1),
	(8, 17, 0, 1),
	(9, 18, 0, 1),
	(10, 19, 0, 1),
	(11, 20, 0, 1),
	(12, 21, 0, 1),
	(13, 22, 0, 1),
	(14, 23, 0, 1),
	(15, 24, 0, 1),
	(16, 25, 0, 1),
	(17, 26, 0, 1),
	(18, 27, 0, 1),
	(19, 28, 0, 1),
	(20, 29, 0, 1),
	(21, 30, 0, 1);

-- Volcando estructura para tabla ludotecadb.hijos
CREATE TABLE IF NOT EXISTS `hijos` (
  `id` int NOT NULL AUTO_INCREMENT,
  `NombreHijo` varchar(45) DEFAULT NULL,
  `Papa` int DEFAULT NULL,
  `Mama` int DEFAULT NULL,
  `fechaNac` varchar(45) DEFAULT NULL,
  `status` smallint DEFAULT '1',
  PRIMARY KEY (`id`),
  KEY `fk_Hijo_Papa_idx` (`Papa`),
  KEY `fk_Hijo_Mama_idx` (`Mama`),
  CONSTRAINT `fk_Hijo_Mama` FOREIGN KEY (`Mama`) REFERENCES `padres` (`id`),
  CONSTRAINT `fk_Hijo_Papa` FOREIGN KEY (`Papa`) REFERENCES `padres` (`id`) ON UPDATE SET NULL
) ENGINE=InnoDB AUTO_INCREMENT=54 DEFAULT CHARSET=utf8mb3;

-- Volcando datos para la tabla ludotecadb.hijos: ~29 rows (aproximadamente)
INSERT INTO `hijos` (`id`, `NombreHijo`, `Papa`, `Mama`, `fechaNac`, `status`) VALUES
	(1, 'Lia Alejandra Ibarra Vazquez', 1, 2, '2024-03-08 00:10:10', 1),
	(2, 'Hector Sanchez', 3, 0, '2024-03-08 00:10:10', 1),
	(3, 'Alejandrina Ibarra Vazquez', 1, 2, '2024-03-08 00:10:10', 1),
	(28, 'Minu Federrico', 48, 0, '22/11/2013 12:00:00 a. m.', 1),
	(29, 'Mini Federrica segunda', 0, 49, '22/11/2013 12:00:00 a. m.', 1),
	(30, 'Mini Federrica tercera', 50, 51, '22/11/2013 12:00:00 a. m.', 1),
	(31, 'Andrea', 52, 53, '05/10/2024 12:00:00 a. m.', 1),
	(32, 'Andrea', 54, 55, '10/08/2011 12:00:00 a. m.', 1),
	(33, 'Edilia Abarca Rosas', 56, 57, '21/11/2016 12:00:00 a. m.', 1),
	(34, 'Hijo1', 58, 0, '09/03/2017 12:00:00 a. m.', 1),
	(35, 'Hijo2', 58, 0, '06/08/2015 12:00:00 a. m.', 1),
	(36, 'Hijo1', 59, 0, '15/04/2021 12:00:00 a. m.', 1),
	(37, 'Hijo2', 59, 0, '09/11/2022 12:00:00 a. m.', 1),
	(38, 'Hijo1', 60, 0, '16/07/2014 12:00:00 a. m.', 1),
	(39, 'Hijo1', 62, 0, '13/07/2022 12:00:00 a. m.', 1),
	(40, 'Hijo2', 62, 0, '13/08/2020 12:00:00 a. m.', 1),
	(41, 'Hijo1', 63, 0, '13/08/2021 12:00:00 a. m.', 1),
	(42, 'Hijo2', 63, 0, '05/07/2022 12:00:00 a. m.', 1),
	(43, 'Hijo1', 64, 0, '09/07/2021 12:00:00 a. m.', 1),
	(44, 'Hijo2', 64, 0, '03/07/2023 12:00:00 a. m.', 1),
	(45, 'Hijo1', 65, 0, '13/11/2024 12:00:00 a. m.', 1),
	(46, 'Hijo2', 65, 0, '13/11/2024 12:00:00 a. m.', 1),
	(47, 'Hijo3', 65, 0, '13/11/2024 12:00:00 a. m.', 1),
	(48, 'Hijo4', 65, 0, '13/11/2024 12:00:00 a. m.', 1),
	(49, 'Hijo1', 66, 0, '13/11/2024 12:00:00 a. m.', 1),
	(50, 'Hijo2', 66, 0, '13/11/2024 12:00:00 a. m.', 1),
	(51, 'Hijo3', 66, 0, '13/11/2024 12:00:00 a. m.', 1),
	(52, '23423', 67, 0, '13/11/2024 12:00:00 a. m.', 1),
	(53, 'dsa', 76, 0, '09/03/2022 12:00:00 a. m.', 1);

-- Volcando estructura para tabla ludotecadb.menu
CREATE TABLE IF NOT EXISTS `menu` (
  `id` int NOT NULL AUTO_INCREMENT,
  `MenuName` varchar(45) DEFAULT NULL,
  `ClassName` varchar(45) DEFAULT NULL,
  `MenuOrder` smallint DEFAULT NULL,
  `Path` varchar(45) DEFAULT NULL,
  `IconName` varchar(45) DEFAULT NULL,
  `status` int DEFAULT '1',
  PRIMARY KEY (`id`)
) ENGINE=InnoDB AUTO_INCREMENT=8 DEFAULT CHARSET=utf8mb3;

-- Volcando datos para la tabla ludotecadb.menu: ~7 rows (aproximadamente)
INSERT INTO `menu` (`id`, `MenuName`, `ClassName`, `MenuOrder`, `Path`, `IconName`, `status`) VALUES
	(1, 'Inventario', 'InventarioView', 3, 'Ludoteca.View.InventarioView', 'inventario_icon.jpg', 1),
	(2, 'Visitas', 'VisitView', 2, 'Ludoteca.View.VisitView', 'visitas_icon.jpg', 1),
	(3, 'Servicios', 'ServiciosView', 4, 'Ludoteca.View.ServiciosView', 'inventario_icon.jpg', 1),
	(4, 'Configuracion', 'ConfiguracionView', 6, 'Ludoteca.View.ConfiguracionView', 'configuracion_icon.jpg', 1),
	(5, 'Ofertas', 'OfertasView', 5, 'Ludoteca.View.OfertasView', 'inventario_icon.jpg', 1),
	(6, 'Fiestas', 'FiestasView', 2, 'Ludoteca.View.FiestasView', 'fiesta_icon.jpg', 1),
	(7, 'Reporte Visitas', 'ReporteVisitasView', 7, 'Ludoteca.View.ReporteVisitasView', 'report_icon.jpg', 1);

-- Volcando estructura para tabla ludotecadb.ofertas
CREATE TABLE IF NOT EXISTS `ofertas` (
  `id` int NOT NULL AUTO_INCREMENT,
  `OfertaName` varchar(45) DEFAULT NULL,
  `Descripcion` varchar(250) DEFAULT NULL,
  `Tiempo` int DEFAULT NULL,
  `totalDescuento` double DEFAULT NULL,
  `status` smallint DEFAULT '1',
  PRIMARY KEY (`id`)
) ENGINE=InnoDB AUTO_INCREMENT=5 DEFAULT CHARSET=utf8mb3;

-- Volcando datos para la tabla ludotecadb.ofertas: ~4 rows (aproximadamente)
INSERT INTO `ofertas` (`id`, `OfertaName`, `Descripcion`, `Tiempo`, `totalDescuento`, `status`) VALUES
	(1, 'Sin Oferta', 'Opcion de oferta desiganada para no tener ofertas', 0, 0, 1),
	(2, 'treinta minutos', 'Oferta para dar 30 minutos de descuento', 30, 0, 1),
	(3, '10 pesos', 'Descuento de diez pesos', 0, 10, 1),
	(4, '2 minutos', 'Descuento para 2 minutos ', 2, 0, 1);

-- Volcando estructura para tabla ludotecadb.padres
CREATE TABLE IF NOT EXISTS `padres` (
  `id` int NOT NULL AUTO_INCREMENT,
  `PadreName` varchar(45) DEFAULT NULL,
  `Address` varchar(105) DEFAULT NULL,
  `Telefono` varchar(45) DEFAULT NULL,
  `status` smallint DEFAULT '1',
  PRIMARY KEY (`id`)
) ENGINE=InnoDB AUTO_INCREMENT=78 DEFAULT CHARSET=utf8mb3;

-- Volcando datos para la tabla ludotecadb.padres: ~34 rows (aproximadamente)
INSERT INTO `padres` (`id`, `PadreName`, `Address`, `Telefono`, `status`) VALUES
	(0, 'No padre asignado', 'NA', '0', 1),
	(1, 'Kevin Daryl Ibarra Sandoval', 'Su casa', '7531420527', 1),
	(2, 'Alejandrina Vazquez', 'Su casa pero en otra casa', '7531679414', 1),
	(3, 'Hector Sancez Culebra', 'Su casa ', '7531454598', 1),
	(48, 'Federrico Diaz', 'Su casa no casa que si su casa', '7531420627', 1),
	(49, 'Doña federica', 'Su casa no casa que si su casa', '7531420628', 1),
	(50, 'Lautaro Martinez', 'Su casa no casa que si su casa', '7531420727', 1),
	(51, 'Laura Dominguez', 'Su casa no casa que si su casa', '7531420629', 1),
	(52, 'Alberto', 'Av. altamarino colonia centro', '7536986984', 1),
	(53, 'Karina', 'Av. altamarino colonia centro', '753698458', 1),
	(54, 'Alberto', 'Av. altamarino colonia centro', '7536986984', 1),
	(55, 'Karina', 'Av. altamarino colonia centro', '753698458', 1),
	(56, 'Alberto Abarca', 'LA casa que esta en el centro', '7531389565', 1),
	(57, 'Alejandra Rosas', 'LA casa que esta en el centro', '7531476614', 1),
	(58, 'TestPapa', 'En su casa del centro', '7531420998', 1),
	(59, 'PadreTest2', 'En su casa del centro', '7531420789', 1),
	(60, 'PapaTest', 'En su casa no se donde sea la vdd es esa', '753123456789', 1),
	(61, 'Papa1', 'En su casa del centro no se donde', '753142087985', 1),
	(62, 'papa1', 'En su casa del centro', '7531458769', 1),
	(63, 'PapaTest', 'En su casa', '75310248548', 1),
	(64, 'PapaTest', 'asfeae', '7531897586', 1),
	(65, 'PapaTest', 'En su casa yo creo', '7531452879', 1),
	(66, 'PapaNueo', 'En su casa', '75315897569', 1),
	(67, 'gs', 'fsdfs', '34234', 1),
	(68, 'PadreTest', 'Esta en sucasa', '751245', 1),
	(69, 'PadreTest', 'Esta en sucasa', '751245', 1),
	(70, 'PadreTest', 'Esta en sucasa', '751245', 1),
	(71, 'PadreTest', 'Esta en sucasa', '751245', 1),
	(72, 'PadreTest', 'Esta en sucasa', '751245', 1),
	(73, 'PadreTest', 'Esta en sucasa', '751245', 1),
	(74, 'PadreTest', 'Esta en sucasa', '751245', 1),
	(75, 'PapaTest', 'Tu casnla', '458979863', 1),
	(76, 'PapaTest', 'Tu casnla', '458979863', 1),
	(77, 'sdasd', 'fsdfs', '234234', 1);

-- Volcando estructura para tabla ludotecadb.productos
CREATE TABLE IF NOT EXISTS `productos` (
  `id` int NOT NULL AUTO_INCREMENT,
  `ProductoName` varchar(45) DEFAULT NULL,
  `Cantidad` int DEFAULT '0',
  `Precio` decimal(8,2) DEFAULT NULL,
  `status` smallint DEFAULT '1',
  PRIMARY KEY (`id`)
) ENGINE=InnoDB AUTO_INCREMENT=21 DEFAULT CHARSET=utf8mb3;

-- Volcando datos para la tabla ludotecadb.productos: ~12 rows (aproximadamente)
INSERT INTO `productos` (`id`, `ProductoName`, `Cantidad`, `Precio`, `status`) VALUES
	(1, 'Calcetas nino', 162, 25.00, 1),
	(2, 'Agua 200ml', -92, 25.00, 1),
	(3, 'Gomita Gusano pz', -77, 1.00, 1),
	(4, 'Slime', -131, 25.00, 1),
	(9, 'Spiderman Grandote', 15, 450.00, 1),
	(10, 'Spiderman Chiquito', 4, 150.00, 1),
	(15, 'Probando', 19, 23.00, 1),
	(16, 'Probando2', 16, 48.00, 1),
	(17, 'PruebaProducto', 12, 23.00, 1),
	(18, 'Calcetas nina', 0, 25.00, 1),
	(19, 'sdasd', 0, 121.00, 1),
	(20, 'Sin Producto', 99999998, 0.00, 1);

-- Volcando estructura para tabla ludotecadb.rol
CREATE TABLE IF NOT EXISTS `rol` (
  `id` int NOT NULL AUTO_INCREMENT,
  `RolName` varchar(45) DEFAULT NULL,
  `status` varchar(45) DEFAULT '1',
  PRIMARY KEY (`id`)
) ENGINE=InnoDB AUTO_INCREMENT=20 DEFAULT CHARSET=utf8mb3 COMMENT='		';

-- Volcando datos para la tabla ludotecadb.rol: ~5 rows (aproximadamente)
INSERT INTO `rol` (`id`, `RolName`, `status`) VALUES
	(1, 'Administrador', '1'),
	(2, 'Cajera', '1'),
	(17, 'RolTest', '1'),
	(18, 'Cajera', '1'),
	(19, 'fgdf', '1');

-- Volcando estructura para tabla ludotecadb.rol_menu
CREATE TABLE IF NOT EXISTS `rol_menu` (
  `id` int NOT NULL AUTO_INCREMENT,
  `id_Rol` int NOT NULL,
  `id_Menu` int NOT NULL,
  PRIMARY KEY (`id`),
  KEY `FK_Rol_Menu_Rol_idx` (`id_Rol`),
  KEY `FK_Rol_Menu_Menu_idx` (`id_Menu`),
  CONSTRAINT `FK_Rol_Menu_Menu` FOREIGN KEY (`id_Menu`) REFERENCES `menu` (`id`),
  CONSTRAINT `FK_Rol_Menu_Rol` FOREIGN KEY (`id_Rol`) REFERENCES `rol` (`id`)
) ENGINE=InnoDB AUTO_INCREMENT=38 DEFAULT CHARSET=utf8mb3;

-- Volcando datos para la tabla ludotecadb.rol_menu: ~14 rows (aproximadamente)
INSERT INTO `rol_menu` (`id`, `id_Rol`, `id_Menu`) VALUES
	(13, 1, 1),
	(14, 1, 2),
	(15, 1, 3),
	(16, 1, 4),
	(17, 2, 2),
	(18, 1, 5),
	(19, 1, 6),
	(31, 17, 2),
	(32, 17, 6),
	(33, 17, 1),
	(34, 17, 3),
	(35, 19, 2),
	(36, 19, 3),
	(37, 1, 7);

-- Volcando estructura para tabla ludotecadb.servicios
CREATE TABLE IF NOT EXISTS `servicios` (
  `id` int NOT NULL AUTO_INCREMENT,
  `ServicioName` varchar(400) DEFAULT NULL,
  `Descripcion` text,
  `Precio` decimal(8,2) DEFAULT NULL,
  `Tiempo` int DEFAULT NULL,
  `IdTipoServicio` int DEFAULT NULL,
  `status` smallint DEFAULT '1',
  PRIMARY KEY (`id`),
  KEY `fk_Servicio_TipoServicio_idx` (`IdTipoServicio`),
  CONSTRAINT `fk_Servicio_TipoServicio` FOREIGN KEY (`IdTipoServicio`) REFERENCES `tiposervicio` (`id`)
) ENGINE=InnoDB AUTO_INCREMENT=21 DEFAULT CHARSET=utf8mb3;

-- Volcando datos para la tabla ludotecadb.servicios: ~12 rows (aproximadamente)
INSERT INTO `servicios` (`id`, `ServicioName`, `Descripcion`, `Precio`, `Tiempo`, `IdTipoServicio`, `status`) VALUES
	(1, 'Media Hora', 'Servicio destinado con precio por minuto especial para 30 minutos', 15.00, 35, 1, 1),
	(2, 'Una Hora', 'Servicio destinado a una hora con descuento ', 14.00, 65, 1, 1),
	(3, 'Plan Cine', 'Para que se vallan al cine los jefes', 185.00, 130, 1, 1),
	(4, 'Servicio de Prueba', 'Estoy probando los cambios que se deben percibir en cuanto se realizan las actualizaciones', 25.00, 56, 1, 1),
	(5, 'fegw', 'egwweg', 212.00, 1212, 1, 1),
	(6, 'Prueba pocos minutos', 'Esta solo es una prueba para probar el funcionamiento con pocos minutos.', 50.00, 2, 1, 1),
	(7, 'Tiempo Libre', 'el hijo puede estar tel tiempo que sea pero se cobra a precio del minuto', 0.00, 0, 1, 1),
	(8, 'Fiesta 20 Niños', 'Fiesta para 20 niños, esta incluyé muchas cosas', 9000.00, 0, 2, 1),
	(9, 'Fiesta para 40 niños', 'Este servicio va destinado a una fiesta de 40 niños', 12000.00, 0, 2, 1),
	(10, 'Fiesta para 15 niños', 'muchas cosas', 5000.00, 0, 2, 1),
	(19, 'Plan guarderia', '4 hr por servicio', 300.00, 250, 1, 1),
	(20, 'sdff', 'sdfsdf', 232.00, 232, 1, 1);

-- Volcando estructura para tabla ludotecadb.tickets
CREATE TABLE IF NOT EXISTS `tickets` (
  `id` int NOT NULL AUTO_INCREMENT,
  `nombre` varchar(50) DEFAULT NULL,
  `idvisita` int DEFAULT NULL,
  `fecha_creacion` varchar(50) DEFAULT NULL,
  `ruta` varchar(300) DEFAULT NULL,
  `status` int DEFAULT '1',
  PRIMARY KEY (`id`),
  KEY `FK_tickets_visitas` (`idvisita`),
  CONSTRAINT `FK_tickets_visitas` FOREIGN KEY (`idvisita`) REFERENCES `visitas` (`id`)
) ENGINE=InnoDB AUTO_INCREMENT=119 DEFAULT CHARSET=utf8mb3;

-- Volcando datos para la tabla ludotecadb.tickets: ~47 rows (aproximadamente)
INSERT INTO `tickets` (`id`, `nombre`, `idvisita`, `fecha_creacion`, `ruta`, `status`) VALUES
	(1, 'pdf.pdf', 53, '24/08/2024', 'C:\\casa\\2024\\Septiembre\\24/', 1),
	(2, 'valenciaortiz.pdf', 59, '01/10/24', 'C:/casa/2024/Octubre/1/', 1),
	(3, 'valverderomano.pdf', 51, '01/10/24', 'C:/casa/2024/Octubre/1/', 1),
	(4, 'garciavalencia.pdf', 57, '01/10/2024', 'C:/casa/2024/Octubre/1/', 1),
	(5, 'sosaramirez.pdf', 87, '01/10/24', 'C:/casa/2024/Octubre/1/', 1),
	(10, 'Ticket_100_Edilia Abarca Rosas20241005_183907.pdf', 100, '2024-10-05T18:39:07.3660682-06:00', 'C:\\Casita de Molly\\2024\\octubre\\5\\Ticket_100_Edili', 1),
	(11, 'Ticket_101_Edilia Abarca Rosas20241005_184035.pdf', 101, '2024-10-05T18:40:35.3152201-06:00', 'C:\\Casita de Molly\\2024\\octubre\\5\\Ticket_101_Edilia Abarca Rosas20241005_184035.pdf', 1),
	(12, 'Ticket_102_Edilia Abarca Rosas20241007_202636.pdf', 102, '2024-10-07T20:26:36.6537594-06:00', 'C:\\Casita de Molly\\2024\\octubre\\7\\Ticket_102_Edilia Abarca Rosas20241007_202636.pdf', 1),
	(13, 'Ticket_103_Lia Alejandra Ibarra Vazquez20241007_20', 103, '2024-10-07T20:31:11.764-06:00', 'C:\\Users\\Usuario\\OneDrive\\Documentos\\2024\\octubre\\7\\Ticket_103_Lia Alejandra Ibarra Vazquez20241007_', 1),
	(15, 'Ticket_106_Edilia Abarca Rosas20241007.pdf', 106, '2024-10-07T00:00:00-06:00', 'C:\\Users\\Usuario\\OneDrive\\Documentos\\test\\2024\\octubre\\7\\Ticket_106_Edilia Abarca Rosas20241007.pdf', 1),
	(16, 'Ticket_System.Func`2[System.Int32,System.Threading', 107, '2024-10-08T00:00:00-06:00', 'C:\\Casita de Molly\\2024\\octubre\\8\\Ticket_System.Func`2[System.Int32,System.Threading.Tasks.Task`1[System.Collections.Generic.List`1[Entidad.EN_Tickets]]]_Mini Federrica tercera20241008.pdf', 1),
	(17, 'Ticket_System.Func`1[System.Threading.Tasks.Task`1', 108, '2024-10-08T00:00:00-06:00', 'C:\\Casita de Molly\\2024\\octubre\\8\\Ticket_System.Func`1[System.Threading.Tasks.Task`1[System.Collections.Generic.List`1[Entidad.EN_Tickets]]]_Edilia Abarca Rosas20241008.pdf', 1),
	(18, 'Ticket_System.Func`1[System.Threading.Tasks.Task`1', 111, '2024-10-08T00:00:00-06:00', 'C:\\Casita de Molly\\2024\\octubre\\8\\Ticket_System.Func`1[System.Threading.Tasks.Task`1[Entidad.EN_Response`1[Entidad.EN_Tickets]]]_Hector Sanchez20241008.pdf', 1),
	(19, 'Ticket_19_Andrea20241008.pdf', 109, '2024-10-08T00:00:00-06:00', 'C:\\Casita de Molly\\2024\\octubre\\8\\Ticket_19_Andrea20241008.pdf', 1),
	(20, 'Ticket_20_Andrea20241008.pdf', 114, '2024-10-08T00:00:00-06:00', 'C:\\Casita de Molly\\2024\\octubre\\8\\Ticket_20_Andrea20241008.pdf', 1),
	(21, 'Ticket_21_Andrea20241008.pdf', 114, '2024-10-08T00:00:00-06:00', 'C:\\Casita de Molly\\2024\\octubre\\8\\Ticket_21_Andrea20241008.pdf', 1),
	(22, 'Ticket_22_Hector Sanchez20241018.pdf', 111, '2024-10-18T00:00:00-06:00', 'C:\\Casita de Molly\\2024\\octubre\\18\\Ticket_22_Hector Sanchez20241018.pdf', 1),
	(23, 'Ticket_23_Minu Federrico20241027.pdf', 112, '2024-10-27T00:00:00-06:00', 'C:\\Casita de Molly\\2024\\octubre\\27\\Ticket_23_Minu Federrico20241027.pdf', 1),
	(24, 'Ticket_24_Edilia Abarca Rosas20241111.pdf', 113, '2024-11-11T00:00:00-06:00', 'C:\\Casita de Molly\\2024\\noviembre\\11\\Ticket_24_Edilia Abarca Rosas20241111.pdf', 1),
	(25, 'Ticket_25_Alejandrina Ibarra Vazquez20241111.pdf', 117, '2024-11-11T00:00:00-06:00', 'C:\\Casita de Molly\\2024\\noviembre\\11\\Ticket_25_Alejandrina Ibarra Vazquez20241111.pdf', 1),
	(26, 'Ticket_26_Lia Alejandra Ibarra Vazquez20241111.pdf', 116, '2024-11-11T00:00:00-06:00', 'C:\\Casita de Molly\\2024\\noviembre\\11\\Ticket_26_Lia Alejandra Ibarra Vazquez20241111.pdf', 1),
	(27, 'Ticket_27_Lia Alejandra Ibarra Vazquez20241111.pdf', 116, '2024-11-11T00:00:00-06:00', 'C:\\Casita de Molly\\2024\\noviembre\\11\\Ticket_27_Lia Alejandra Ibarra Vazquez20241111.pdf', 1),
	(28, 'Ticket_28_Alejandrina Ibarra Vazquez20241111.pdf', 117, '2024-11-11T00:00:00-06:00', 'C:\\Casita de Molly\\2024\\noviembre\\11\\Ticket_28_Alejandrina Ibarra Vazquez20241111.pdf', 1),
	(29, 'Ticket_29_Lia Alejandra Ibarra Vazquez20241111.pdf', 118, '2024-11-11T00:00:00-06:00', 'C:\\Casita de Molly\\2024\\noviembre\\11\\Ticket_29_Lia Alejandra Ibarra Vazquez20241111.pdf', 1),
	(30, 'Ticket_30_Lia Alejandra Ibarra Vazquez20241111.pdf', 122, '2024-11-11T00:00:00-06:00', 'C:\\Casita de Molly\\2024\\noviembre\\11\\Ticket_30_Lia Alejandra Ibarra Vazquez20241111.pdf', 1),
	(31, 'Ticket_31_Lia Alejandra Ibarra Vazquez20241111.pdf', 120, '2024-11-11T00:00:00-06:00', 'C:\\Casita de Molly\\2024\\noviembre\\11\\Ticket_31_Lia Alejandra Ibarra Vazquez20241111.pdf', 1),
	(32, 'Ticket_32_Alejandrina Ibarra Vazquez20241111.pdf', 123, '2024-11-11T00:00:00-06:00', 'C:\\Casita de Molly\\2024\\noviembre\\11\\Ticket_32_Alejandrina Ibarra Vazquez20241111.pdf', 1),
	(33, 'Ticket_33_Alejandrina Ibarra Vazquez20241111.pdf', 126, '2024-11-11T00:00:00-06:00', 'C:\\Casita de Molly\\2024\\noviembre\\11\\Ticket_33_Alejandrina Ibarra Vazquez20241111.pdf', 1),
	(34, 'Ticket_34_Alejandrina Ibarra Vazquez20241111.pdf', 125, '2024-11-11T00:00:00-06:00', 'C:\\Casita de Molly\\2024\\noviembre\\11\\Ticket_34_Alejandrina Ibarra Vazquez20241111.pdf', 1),
	(35, 'Ticket_35_Lia Alejandra Ibarra Vazquez20241111.pdf', 124, '2024-11-11T00:00:00-06:00', 'C:\\Casita de Molly\\2024\\noviembre\\11\\Ticket_35_Lia Alejandra Ibarra Vazquez20241111.pdf', 1),
	(36, 'Ticket_36_Alejandrina Ibarra Vazquez20241111.pdf', 129, '2024-11-11T00:00:00-06:00', 'C:\\Casita de Molly\\2024\\noviembre\\11\\Ticket_36_Alejandrina Ibarra Vazquez20241111.pdf', 1),
	(37, 'Ticket_37_Alejandrina Ibarra Vazquez20241111.pdf', 128, '2024-11-11T00:00:00-06:00', 'C:\\Casita de Molly\\2024\\noviembre\\11\\Ticket_37_Alejandrina Ibarra Vazquez20241111.pdf', 1),
	(38, 'Ticket_38_Lia Alejandra Ibarra Vazquez20241111.pdf', 130, '2024-11-11T00:00:00-06:00', 'C:\\Casita de Molly\\2024\\noviembre\\11\\Ticket_38_Lia Alejandra Ibarra Vazquez20241111.pdf', 1),
	(39, 'Ticket_39_Alejandrina Ibarra Vazquez20241111.pdf', 131, '2024-11-11T00:00:00-06:00', 'C:\\Casita de Molly\\2024\\noviembre\\11\\Ticket_39_Alejandrina Ibarra Vazquez20241111.pdf', 1),
	(40, 'Ticket_40_Lia Alejandra Ibarra Vazquez20241111.pdf', 132, '2024-11-11T00:00:00-06:00', 'C:\\Casita de Molly\\2024\\noviembre\\11\\Ticket_40_Lia Alejandra Ibarra Vazquez20241111.pdf', 1),
	(41, 'Ticket_41_Alejandrina Ibarra Vazquez20241111.pdf', 133, '2024-11-11T00:00:00-06:00', 'C:\\Casita de Molly\\2024\\noviembre\\11\\Ticket_41_Alejandrina Ibarra Vazquez20241111.pdf', 1),
	(42, 'Ticket_42_Alejandrina Ibarra Vazquez20241111.pdf', 134, '2024-11-11T00:00:00-06:00', 'C:\\Casita de Molly\\2024\\noviembre\\11\\Ticket_42_Alejandrina Ibarra Vazquez20241111.pdf', 1),
	(43, 'Ticket_43_Lia Alejandra Ibarra Vazquez20241111.pdf', 135, '2024-11-11T00:00:00-06:00', 'C:\\Casita de Molly\\2024\\noviembre\\11\\Ticket_43_Lia Alejandra Ibarra Vazquez20241111.pdf', 1),
	(44, 'Ticket_44_Alejandrina Ibarra Vazquez20241111.pdf', 136, '2024-11-11T00:00:00-06:00', 'C:\\Casita de Molly\\2024\\noviembre\\11\\Ticket_44_Alejandrina Ibarra Vazquez20241111.pdf', 1),
	(45, 'Ticket_45_Alejandrina Ibarra Vazquez20241111.pdf', 137, '2024-11-11T00:00:00-06:00', 'C:\\Casita de Molly\\2024\\noviembre\\11\\Ticket_45_Alejandrina Ibarra Vazquez20241111.pdf', 1),
	(46, 'Ticket_46_Lia Alejandra Ibarra Vazquez20241111.pdf', 138, '2024-11-11T00:00:00-06:00', 'C:\\Casita de Molly\\2024\\noviembre\\11\\Ticket_46_Lia Alejandra Ibarra Vazquez20241111.pdf', 1),
	(47, 'Ticket_47_Alejandrina Ibarra Vazquez20241111.pdf', 139, '2024-11-11T00:00:00-06:00', 'C:\\Casita de Molly\\2024\\noviembre\\11\\Ticket_47_Alejandrina Ibarra Vazquez20241111.pdf', 1),
	(48, 'Ticket_48_Lia Alejandra Ibarra Vazquez20241111.pdf', 140, '2024-11-11T00:00:00-06:00', 'C:\\Casita de Molly\\2024\\noviembre\\11\\Ticket_48_Lia Alejandra Ibarra Vazquez20241111.pdf', 1),
	(49, 'Ticket_49_Lia Alejandra Ibarra Vazquez20241111.pdf', 141, '2024-11-11T00:00:00-06:00', 'C:\\Casita de Molly\\2024\\noviembre\\11\\Ticket_49_Lia Alejandra Ibarra Vazquez20241111.pdf', 1),
	(50, 'Ticket_50_Alejandrina Ibarra Vazquez20241112.pdf', 142, '2024-11-12T00:00:00-06:00', 'C:\\Casita de Molly\\2024\\noviembre\\12\\Ticket_50_Alejandrina Ibarra Vazquez20241112.pdf', 1),
	(51, 'Ticket_51_Alejandrina Ibarra Vazquez20241112.pdf', 143, '2024-11-12T00:00:00-06:00', 'C:\\Casita de Molly\\2024\\noviembre\\12\\Ticket_51_Alejandrina Ibarra Vazquez20241112.pdf', 1),
	(52, 'Ticket_52_Lia Alejandra Ibarra Vazquez20241114.pdf', 144, '2024-11-14T00:00:00-06:00', 'C:\\Casita de Molly\\2024\\noviembre\\14\\Ticket_52_Lia Alejandra Ibarra Vazquez20241114.pdf', 1);

-- Volcando estructura para tabla ludotecadb.tiposervicio
CREATE TABLE IF NOT EXISTS `tiposervicio` (
  `id` int NOT NULL AUTO_INCREMENT,
  `nombre` varchar(45) DEFAULT NULL,
  `status` smallint DEFAULT '1',
  PRIMARY KEY (`id`)
) ENGINE=InnoDB AUTO_INCREMENT=3 DEFAULT CHARSET=utf8mb3;

-- Volcando datos para la tabla ludotecadb.tiposervicio: ~2 rows (aproximadamente)
INSERT INTO `tiposervicio` (`id`, `nombre`, `status`) VALUES
	(1, 'Visita', 1),
	(2, 'Fiesta', 1);

-- Volcando estructura para tabla ludotecadb.turnos
CREATE TABLE IF NOT EXISTS `turnos` (
  `id` int NOT NULL AUTO_INCREMENT,
  `NombreTurno` varchar(45) DEFAULT NULL,
  `status` smallint NOT NULL DEFAULT '1',
  PRIMARY KEY (`id`)
) ENGINE=InnoDB AUTO_INCREMENT=4 DEFAULT CHARSET=utf8mb3;

-- Volcando datos para la tabla ludotecadb.turnos: ~2 rows (aproximadamente)
INSERT INTO `turnos` (`id`, `NombreTurno`, `status`) VALUES
	(2, 'Matutino', 1),
	(3, 'Vespertino', 1);

-- Volcando estructura para tabla ludotecadb.users
CREATE TABLE IF NOT EXISTS `users` (
  `id` int NOT NULL AUTO_INCREMENT,
  `UserName` varchar(45) DEFAULT NULL,
  `Password` varchar(45) DEFAULT NULL,
  `idRol` int DEFAULT NULL,
  `status` smallint DEFAULT '1',
  PRIMARY KEY (`id`),
  KEY `fk_User_Rol_idx` (`idRol`),
  CONSTRAINT `fk_User_Rol` FOREIGN KEY (`idRol`) REFERENCES `rol` (`id`)
) ENGINE=InnoDB AUTO_INCREMENT=23 DEFAULT CHARSET=utf8mb3;

-- Volcando datos para la tabla ludotecadb.users: ~10 rows (aproximadamente)
INSERT INTO `users` (`id`, `UserName`, `Password`, `idRol`, `status`) VALUES
	(1, 'Kevin Ibarra', 'Test1', 1, 1),
	(2, 'Gerardo Valente', 'Test', 1, 1),
	(3, 'Perla Anaya', 'Prueba', 1, 1),
	(4, 'Alejandrina Vazquez', 'Prueba', 1, 1),
	(17, 'UserTester1', 'Test1', 2, 1),
	(18, 'sfsf', '232', 17, 1),
	(19, 'fdsss', 'sfsf', 17, 1),
	(20, 'fdsss', 'sfsf', 2, 1),
	(21, 'fdsss', 'sfsf', 1, 1),
	(22, 'dgd', 'rer', 17, 1);

-- Volcando estructura para tabla ludotecadb.visitas
CREATE TABLE IF NOT EXISTS `visitas` (
  `id` int NOT NULL AUTO_INCREMENT,
  `HoraEntrada` datetime NOT NULL,
  `HoraSalida` datetime DEFAULT NULL,
  `Oferta` int NOT NULL,
  `Total` decimal(8,2) NOT NULL DEFAULT '0.00',
  `GafeteId` int DEFAULT NULL,
  `NumeroGafete` int DEFAULT NULL,
  `TiempoExcedido` int DEFAULT '0',
  `TiempoTotal` int DEFAULT '0',
  `status` smallint NOT NULL DEFAULT '1',
  PRIMARY KEY (`id`),
  KEY `fk_Visita_Oferta_idx` (`Oferta`),
  KEY `fk_Gafete_Oferta_idx` (`GafeteId`),
  CONSTRAINT `fk_Visita_Gafete` FOREIGN KEY (`GafeteId`) REFERENCES `gafetes` (`id`),
  CONSTRAINT `fk_Visita_Oferta` FOREIGN KEY (`Oferta`) REFERENCES `ofertas` (`id`)
) ENGINE=InnoDB AUTO_INCREMENT=164 DEFAULT CHARSET=utf8mb3;

-- Volcando datos para la tabla ludotecadb.visitas: ~113 rows (aproximadamente)
INSERT INTO `visitas` (`id`, `HoraEntrada`, `HoraSalida`, `Oferta`, `Total`, `GafeteId`, `NumeroGafete`, `TiempoExcedido`, `TiempoTotal`, `status`) VALUES
	(49, '2024-04-09 22:58:19', '2024-11-14 13:57:37', 1, 662201.00, 14, 23, 314689, 0, 0),
	(50, '2024-04-09 23:03:49', '2024-11-14 13:57:44', 1, 661963.00, 4, 13, 314757, 0, 0),
	(51, '2024-04-18 01:27:57', NULL, 1, 400.00, 2, 11, 0, 0, 0),
	(52, '2024-04-18 01:28:42', NULL, 1, 29.00, 5, 14, 0, 0, 0),
	(53, '2024-04-18 01:29:22', '2024-11-14 13:57:53', 1, 638598.00, 1, 10, 303113, 0, 0),
	(54, '2024-04-18 01:32:13', NULL, 1, 175.00, 7, 16, 0, 0, 0),
	(55, '2024-04-18 01:32:37', NULL, 1, 726.00, 6, 15, 0, 0, 0),
	(56, '2024-04-18 01:33:08', NULL, 1, 198.00, 8, 17, 0, 0, 0),
	(57, '2024-04-18 02:21:35', '2024-11-14 13:57:59', 1, 638551.00, 4, 13, 303094, 0, 0),
	(58, '2024-04-18 02:28:10', NULL, 1, 673.00, 9, 18, 0, 0, 0),
	(59, '2024-04-20 01:50:21', '2024-04-23 22:38:02', 1, 6235.00, 4, 13, 0, 0, 0),
	(60, '2024-04-20 01:59:27', '2024-04-20 02:00:25', 1, 65.00, 3, 12, 0, 0, 0),
	(61, '2024-04-23 22:59:20', '2024-04-24 00:37:41', 1, 135.00, 1, 10, 0, 0, 0),
	(62, '2024-04-23 22:59:47', '2024-04-24 00:42:30', 1, 112.00, 10, 19, 0, 0, 0),
	(63, '2024-04-23 23:00:34', '2024-04-24 00:43:08', 1, 110.00, 11, 20, 0, 0, 0),
	(64, '2024-04-23 23:00:57', '2024-04-24 00:43:31', 1, 114.00, 4, 13, 0, 0, 0),
	(65, '2024-04-23 23:01:04', '2024-04-24 00:43:56', 1, 115.00, 4, 13, 0, 0, 0),
	(66, '2024-04-25 00:26:50', '2024-04-25 02:15:31', 1, 700.00, 3, 12, 0, 0, 0),
	(67, '2024-05-24 13:57:41', NULL, 1, 250.00, 3, 12, 0, 0, 0),
	(68, '2024-05-24 13:57:59', '2024-05-24 14:40:01', 1, 285.00, 3, 12, 0, 0, 0),
	(69, '2024-06-30 16:29:04', '2024-06-30 22:22:57', 1, 657.00, 4, 13, 0, 0, 0),
	(70, '2024-07-01 23:15:39', '2024-07-02 13:17:30', 1, 1365.00, 4, 13, 0, 0, 0),
	(71, '2024-07-09 18:22:14', '2024-07-09 18:29:47', 1, 27.00, 3, 12, 0, 0, 0),
	(72, '2024-07-16 01:14:20', '2024-07-18 00:38:01', 1, 3184.00, 4, 13, 0, 0, 0),
	(73, '2024-07-16 01:18:41', '2024-07-16 01:28:17', 1, 46.00, 4, 13, 0, 0, 0),
	(74, '2024-07-18 00:39:04', '2024-07-18 00:46:31', 1, 7.00, 3, 12, 0, 0, 0),
	(75, '2024-07-18 00:39:34', '2024-07-18 00:46:37', 1, 17.00, 3, 12, 0, 0, 0),
	(76, '2024-07-18 00:47:00', '2024-07-23 01:32:49', 1, 8139.00, 10, 19, 0, 0, 0),
	(77, '2024-07-23 01:42:06', '2024-07-24 01:27:04', 1, 2088.00, 3, 12, 0, 0, 0),
	(78, '2024-07-24 01:41:28', '2024-07-24 01:54:06', 1, 272.00, 3, 12, 0, 0, 0),
	(79, '2024-07-24 01:56:46', '2024-07-24 01:57:21', 1, 168.00, 10, 19, 0, 0, 0),
	(80, '2024-07-24 01:59:58', '2024-07-24 02:00:17', 1, 282.00, 4, 13, 0, 0, 0),
	(81, '2024-07-24 02:05:38', '2024-07-24 02:16:55', 1, 507.00, 10, 19, 11, 0, 0),
	(82, '2024-07-24 02:17:42', '2024-07-24 02:17:54', 1, 63.00, 10, 19, 0, 0, 0),
	(83, '2024-07-24 23:56:21', '2024-07-24 23:59:16', 1, 54.00, 3, 12, 0, 0, 0),
	(84, '2024-07-25 00:02:54', '2024-07-25 00:02:59', 1, 290.00, 1, 10, 0, 0, 0),
	(85, '2024-07-25 00:39:55', NULL, 1, 54.00, 4, 13, 0, 0, 0),
	(86, '2024-07-25 00:40:09', '2024-07-25 01:25:38', 1, 784.00, 4, 13, 0, 0, 0),
	(87, '2024-08-06 01:14:08', '2024-09-12 23:43:52', 1, 71082.00, 3, 12, 54479, 0, 0),
	(88, '2024-08-21 23:13:16', NULL, 1, 37.00, 1, 10, 0, 0, 0),
	(89, '2024-08-21 23:14:26', NULL, 1, 38.00, 1, 10, 0, 0, 0),
	(90, '2024-08-21 23:16:18', NULL, 1, 38.00, 1, 10, 0, 0, 0),
	(91, '2024-08-21 23:21:30', '2024-11-15 13:22:48', 1, 259283.00, 4, 13, 123176, 0, 0),
	(92, '2024-08-21 23:23:06', '2024-11-15 13:32:21', 1, 259299.00, 3, 12, 123119, 0, 0),
	(93, '2024-08-30 17:41:50', '2024-11-15 13:37:05', 1, 232336.00, 12, 21, 110579, 0, 0),
	(96, '2024-08-31 00:33:39', '2024-11-15 13:50:01', 1, 462905.00, 11, 20, 220402, 0, 0),
	(97, '2024-09-10 00:25:03', '2024-11-14 17:22:07', 3, 198731.00, 12, 21, 94581, 0, 0),
	(98, '2024-09-10 02:02:11', '2024-11-15 13:53:20', 2, 401985.00, 9, 18, 191388, 0, 0),
	(99, '2024-09-10 02:26:03', '2024-11-15 13:55:35', 4, 211571.00, 11, 20, 95729, 0, 0),
	(100, '2024-10-05 18:37:21', '2024-10-05 18:39:07', 2, 46.00, 20, 29, 0, 0, 0),
	(101, '2024-10-05 18:37:29', '2024-10-05 18:40:35', 2, 46.00, 2, 11, 0, 0, 0),
	(102, '2024-10-05 18:37:51', '2024-10-07 20:26:36', 4, 3913.00, 19, 28, 2958, 0, 0),
	(103, '2024-10-07 20:25:06', '2024-10-07 20:31:11', 1, 88.00, 17, 26, 0, 0, 0),
	(104, '2024-10-07 21:12:02', '2024-10-07 21:13:17', 1, 481.00, 11, 20, 1, 0, 0),
	(105, '2024-10-07 21:12:57', '2024-10-07 22:03:39', 1, 91.00, 17, 26, 20, 0, 0),
	(106, '2024-10-07 22:06:27', '2024-10-07 22:07:51', 3, 22.00, 12, 21, 1, 0, 0),
	(107, '2024-10-08 11:04:01', '2024-10-08 11:04:26', 1, 375.00, 8, 17, 0, 0, 0),
	(108, '2024-10-08 11:08:13', '2024-10-08 11:16:31', 1, 45.00, 2, 11, 0, 0, 0),
	(109, '2024-10-08 11:08:42', '2024-10-08 11:50:10', 3, 40.00, 3, 12, 11, 0, 0),
	(110, '2024-10-08 11:09:13', '2024-10-08 11:18:48', 1, 11.00, 11, 20, 9, 0, 0),
	(111, '2024-10-08 11:09:19', '2024-10-18 01:04:50', 1, 13961.00, 11, 20, 13765, 0, 0),
	(112, '2024-10-08 13:04:19', '2024-10-27 20:21:25', 1, 27811.00, 12, 21, 27766, 0, 0),
	(113, '2024-10-08 13:04:47', '2024-11-11 13:21:03', 1, 128052.00, 13, 22, 48946, 0, 0),
	(114, '2024-10-08 13:05:10', '2024-10-08 22:53:22', 3, 911.00, 14, 23, 558, 0, 0),
	(115, '2024-10-08 22:30:29', '2024-10-08 22:50:54', 3, 25.00, 14, 23, 0, 0, 0),
	(116, '2024-10-27 20:19:50', '2024-11-16 15:17:01', 1, 59768.00, 15, 24, 28247, 28497, 0),
	(117, '2024-11-08 23:49:35', '2024-11-11 14:30:55', 3, 9701.00, 14, 23, 3701, 0, 0),
	(118, '2024-11-11 14:59:10', '2024-11-11 16:37:55', 1, 291.00, 6, 15, 98, 0, 0),
	(119, '2024-11-11 16:25:04', NULL, 1, 0.00, 8, 17, 0, 0, 0),
	(120, '2024-11-11 16:25:25', '2024-11-16 15:19:13', 1, 15788.00, 8, 17, 7133, 7133, 0),
	(121, '2024-11-11 16:25:42', NULL, 1, 65.00, 7, 16, 0, 0, 0),
	(122, '2024-11-11 16:26:04', '2024-11-16 19:29:18', 1, 61778.00, 7, 16, 14696, 7383, 0),
	(123, '2024-11-11 22:35:45', '2024-11-16 19:31:55', 1, 15580.00, 10, 19, 7016, 7016, 0),
	(124, '2024-11-11 22:39:45', '2024-11-16 19:50:13', 1, 31097.00, 11, 20, 14060, 7030, 0),
	(125, '2024-11-11 22:44:59', '2024-11-16 19:50:32', 1, 31075.00, 6, 15, 14050, 7025, 0),
	(126, '2024-11-11 23:02:11', '2024-11-16 21:12:26', 1, 59063.00, 13, 22, 14050, 7090, 0),
	(127, '2024-11-11 23:15:41', NULL, 2, 15.00, 9, 18, 0, 0, 0),
	(128, '2024-11-11 23:21:26', '2024-11-16 13:23:09', 1, 14663.00, 11, 20, 6601, 0, 0),
	(129, '2024-11-11 23:21:46', '2024-11-16 13:23:49', 1, 14663.00, 10, 19, 6601, 0, 0),
	(130, '2024-11-11 23:22:51', '2024-11-16 13:26:21', 1, 14617.00, 10, 19, 6603, 0, 0),
	(131, '2024-11-11 23:23:05', '2024-11-16 13:29:00', 1, 14622.00, 12, 21, 6605, 0, 0),
	(132, '2024-11-11 23:29:19', '2024-11-16 14:01:06', 1, 14729.00, 8, 17, 6631, 0, 0),
	(133, '2024-11-11 23:29:43', '2024-11-16 14:04:40', 1, 14736.00, 10, 19, 6634, 0, 0),
	(134, '2024-11-11 23:34:39', '2024-11-16 14:06:42', 1, 14729.00, 9, 18, 6631, 0, 0),
	(135, '2024-11-11 23:38:59', '2024-11-16 14:30:56', 1, 14773.00, 11, 20, 6651, 6651, 0),
	(136, '2024-11-11 23:40:21', '2024-11-16 14:35:53', 1, 14782.00, 9, 18, 6655, 6655, 0),
	(137, '2024-11-11 23:43:09', '2024-11-16 14:36:32', 1, 14778.00, 10, 19, 6653, 6653, 0),
	(138, '2024-11-11 23:43:21', '2024-11-16 14:37:35', 1, 14780.00, 12, 21, 6654, 6654, 0),
	(139, '2024-11-11 23:43:36', '2024-11-16 14:40:13', 1, 29494.00, 13, 22, 13312, 6656, 0),
	(140, '2024-11-11 23:43:52', '2024-11-16 15:03:26', 1, 14835.00, 8, 17, 6679, 6679, 0),
	(141, '2024-11-11 23:44:45', '2024-11-16 15:06:12', 1, 14790.00, 11, 20, 6681, 6681, 0),
	(142, '2024-11-12 00:37:08', '2024-11-16 14:38:13', 1, 13740.00, 10, 19, 6536, 6601, 0),
	(143, '2024-11-12 00:45:09', '2024-11-14 17:08:39', 1, 8562.00, 13, 22, 3863, 0, 0),
	(144, '2024-11-12 14:59:50', '2024-11-16 15:04:32', 1, 24091.00, 9, 18, 11458, 5764, 0),
	(145, '2024-11-12 15:29:20', '2024-11-16 14:44:21', 1, 25305.00, 8, 17, 11428, 5714, 0),
	(146, '2024-11-12 15:52:14', '2024-11-16 15:08:35', 1, 11945.00, 10, 19, 5681, 5716, 0),
	(147, '2024-11-12 15:52:31', '2024-11-15 15:22:06', 1, 9478.00, 7, 16, 4289, 0, 0),
	(148, '2024-11-14 16:24:19', '2024-11-16 15:07:11', 2, 12434.00, 9, 18, 5604, 2802, 0),
	(149, '2024-11-17 00:12:33', NULL, 1, 15.00, 1, 10, 0, 0, 0),
	(150, '2024-11-17 00:13:09', '2024-11-17 00:16:04', 1, 190.00, 2, 11, 0, 2, 0),
	(151, '2024-11-17 00:17:56', NULL, 1, 40.00, 3, 12, 0, 0, 0),
	(152, '2024-11-17 00:18:39', NULL, 1, 15.00, 17, 26, 0, 0, 0),
	(153, '2024-11-17 00:35:43', NULL, 1, 15.00, 2, 11, 0, 0, 1),
	(154, '2024-11-17 00:36:53', NULL, 1, 15.00, 4, 13, 0, 0, 1),
	(155, '2024-11-17 00:41:12', NULL, 1, 15.00, 5, 14, 0, 0, 1),
	(156, '2024-11-17 00:53:08', NULL, 1, 15.00, 16, 25, 0, 0, 1),
	(157, '2024-11-17 00:54:57', NULL, 1, 15.00, 19, 28, 0, 0, 1),
	(158, '2024-11-17 00:56:32', NULL, 1, 15.00, 14, 23, 0, 0, 1),
	(159, '2024-11-17 00:58:23', NULL, 1, 15.00, 20, 29, 0, 0, 1),
	(160, '2024-11-17 00:59:44', NULL, 1, 15.00, 18, 27, 0, 0, 1),
	(161, '2024-11-17 01:00:18', NULL, 1, 15.00, 21, 30, 0, 0, 1),
	(162, '2024-11-17 01:03:01', NULL, 1, 40.00, 6, 15, 0, 0, 1),
	(163, '2024-11-17 01:03:18', NULL, 1, 15.00, 4, 13, 0, 0, 1);

-- Volcando estructura para tabla ludotecadb.visita_hijo
CREATE TABLE IF NOT EXISTS `visita_hijo` (
  `id` int NOT NULL AUTO_INCREMENT,
  `id_Visita` int NOT NULL,
  `id_Hijo` int NOT NULL,
  PRIMARY KEY (`id`),
  KEY `FK_Visita_Hijo_Visita_idx` (`id_Visita`),
  KEY `FK_Visita_Hijo_Hijo_idx` (`id_Hijo`),
  CONSTRAINT `FK_Visita_Hijo_Hijo` FOREIGN KEY (`id_Hijo`) REFERENCES `hijos` (`id`),
  CONSTRAINT `FK_Visita_Hijo_Visita` FOREIGN KEY (`id_Visita`) REFERENCES `visitas` (`id`)
) ENGINE=InnoDB AUTO_INCREMENT=165 DEFAULT CHARSET=utf8mb3;

-- Volcando datos para la tabla ludotecadb.visita_hijo: ~124 rows (aproximadamente)
INSERT INTO `visita_hijo` (`id`, `id_Visita`, `id_Hijo`) VALUES
	(41, 49, 3),
	(42, 50, 1),
	(43, 51, 3),
	(44, 51, 1),
	(45, 52, 2),
	(46, 53, 28),
	(47, 54, 29),
	(48, 55, 30),
	(49, 56, 30),
	(50, 57, 30),
	(51, 58, 1),
	(52, 59, 3),
	(53, 60, 29),
	(54, 61, 1),
	(55, 62, 29),
	(56, 63, 2),
	(57, 64, 30),
	(58, 65, 30),
	(59, 66, 1),
	(60, 67, 3),
	(61, 67, 1),
	(62, 68, 3),
	(63, 68, 1),
	(64, 69, 1),
	(65, 70, 3),
	(66, 71, 1),
	(67, 71, 3),
	(68, 72, 1),
	(69, 73, 1),
	(70, 74, 3),
	(71, 75, 3),
	(72, 76, 3),
	(73, 77, 1),
	(74, 78, 1),
	(75, 79, 3),
	(76, 80, 1),
	(77, 81, 3),
	(78, 82, 1),
	(79, 83, 1),
	(80, 84, 3),
	(81, 86, 3),
	(82, 87, 1),
	(83, 88, 30),
	(84, 89, 30),
	(85, 90, 30),
	(86, 91, 30),
	(87, 92, 29),
	(88, 93, 30),
	(89, 96, 1),
	(90, 96, 3),
	(91, 97, 1),
	(92, 98, 1),
	(93, 98, 3),
	(94, 99, 1),
	(95, 100, 33),
	(96, 101, 33),
	(97, 102, 33),
	(98, 103, 1),
	(99, 104, 31),
	(100, 105, 31),
	(101, 106, 33),
	(102, 107, 30),
	(103, 108, 33),
	(104, 109, 31),
	(105, 111, 2),
	(106, 112, 28),
	(107, 113, 33),
	(108, 114, 31),
	(109, 115, 3),
	(110, 116, 1),
	(111, 117, 3),
	(112, 118, 1),
	(113, 119, 1),
	(114, 120, 1),
	(115, 122, 1),
	(116, 122, 3),
	(117, 123, 3),
	(118, 124, 1),
	(119, 124, 3),
	(120, 125, 3),
	(121, 125, 1),
	(122, 126, 3),
	(123, 126, 1),
	(124, 127, 3),
	(125, 128, 3),
	(126, 129, 3),
	(127, 130, 1),
	(128, 131, 3),
	(129, 132, 1),
	(130, 133, 3),
	(131, 134, 3),
	(132, 135, 1),
	(133, 136, 3),
	(134, 137, 3),
	(135, 138, 1),
	(136, 139, 3),
	(137, 139, 1),
	(138, 140, 1),
	(139, 141, 1),
	(140, 142, 3),
	(141, 143, 3),
	(142, 144, 1),
	(143, 144, 3),
	(144, 145, 3),
	(145, 145, 1),
	(146, 146, 1),
	(147, 147, 1),
	(148, 148, 1),
	(149, 148, 3),
	(150, 149, 1),
	(151, 150, 3),
	(152, 151, 3),
	(153, 152, 3),
	(154, 153, 1),
	(155, 154, 3),
	(156, 155, 3),
	(157, 156, 3),
	(158, 157, 3),
	(159, 158, 3),
	(160, 159, 1),
	(161, 160, 3),
	(162, 161, 1),
	(163, 162, 3),
	(164, 163, 3);

-- Volcando estructura para tabla ludotecadb.visita_producto
CREATE TABLE IF NOT EXISTS `visita_producto` (
  `id` int NOT NULL AUTO_INCREMENT,
  `id_Visita` int NOT NULL,
  `id_Producto` int NOT NULL,
  `precioProductoVisita` int DEFAULT NULL,
  `CantidadProductoVisita` int DEFAULT NULL,
  PRIMARY KEY (`id`),
  KEY `FK_Visita_Producto_Visita_idx` (`id_Visita`),
  KEY `FK_Visita_Producto_Producto_idx` (`id_Producto`),
  CONSTRAINT `FK_Visita_Producto_Producto` FOREIGN KEY (`id_Producto`) REFERENCES `productos` (`id`),
  CONSTRAINT `FK_Visita_Producto_Visita` FOREIGN KEY (`id_Visita`) REFERENCES `visitas` (`id`)
) ENGINE=InnoDB AUTO_INCREMENT=337 DEFAULT CHARSET=utf8mb3;

-- Volcando datos para la tabla ludotecadb.visita_producto: ~268 rows (aproximadamente)
INSERT INTO `visita_producto` (`id`, `id_Visita`, `id_Producto`, `precioProductoVisita`, `CantidadProductoVisita`) VALUES
	(69, 49, 1, 10, 68),
	(70, 49, 2, 15, 25),
	(71, 50, 3, 1, 24),
	(72, 50, 4, 25, 37),
	(73, 51, 10, 150, 6),
	(74, 52, 2, 15, 25),
	(75, 53, 2, 15, 25),
	(76, 53, 1, 10, 68),
	(77, 53, 3, 1, 24),
	(78, 53, 4, 25, 37),
	(79, 54, 10, 150, 6),
	(80, 55, 9, 450, 9),
	(81, 55, 3, 1, 24),
	(82, 55, 2, 15, 25),
	(83, 55, 1, 10, 68),
	(84, 56, 10, 150, 6),
	(85, 56, 15, 23, 9),
	(86, 57, 1, 10, 68),
	(87, 57, 2, 15, 25),
	(88, 57, 3, 1, 24),
	(89, 57, 4, 25, 37),
	(90, 58, 9, 450, 9),
	(91, 58, 10, 150, 6),
	(92, 58, 15, 23, 9),
	(93, 60, 1, 10, 68),
	(94, 60, 2, 15, 25),
	(95, 60, 3, 1, 24),
	(96, 60, 4, 25, 37),
	(97, 61, 1, 10, 68),
	(98, 61, 2, 15, 25),
	(99, 61, 3, 1, 24),
	(100, 62, 4, 25, 37),
	(101, 63, 15, 23, 9),
	(102, 65, 3, 1, 24),
	(103, 66, 9, 450, 9),
	(104, 68, 4, 25, 37),
	(105, 68, 1, 10, 68),
	(106, 69, 2, 20, 40),
	(107, 69, 10, 150, 6),
	(108, 70, 9, 450, 9),
	(109, 71, 2, 20, 40),
	(110, 73, 1, 10, 3),
	(111, 73, 3, 1, 2),
	(112, 75, 1, 10, 1),
	(113, 76, 1, 10, 1),
	(114, 77, 2, 20, 2),
	(115, 77, 1, 10, 3),
	(116, 77, 2, 20, 1),
	(117, 77, 4, 25, 1),
	(118, 77, 10, 150, 3),
	(119, 77, 15, 23, 2),
	(120, 78, 2, 20, 1),
	(121, 78, 3, 1, 2),
	(122, 78, 4, 25, 1),
	(123, 78, 16, 48, 3),
	(124, 78, 17, 23, 2),
	(125, 78, 10, 150, 5),
	(126, 79, 2, 20, 3),
	(127, 79, 3, 1, 2),
	(128, 79, 17, 23, 4),
	(129, 80, 2, 20, 3),
	(130, 80, 4, 25, 4),
	(131, 80, 17, 23, 5),
	(132, 81, 2, 20, 1),
	(133, 81, 4, 25, 1),
	(134, 81, 9, 450, 1),
	(135, 82, 2, 20, 1),
	(136, 82, 3, 1, 3),
	(137, 82, 4, 25, 1),
	(138, 83, 2, 20, 1),
	(139, 84, 2, 20, 1),
	(140, 86, 2, 20, 1),
	(141, 86, 1, 10, 1),
	(142, 86, 2, 20, 1),
	(143, 86, 4, 25, 1),
	(144, 86, 3, 1, 1),
	(145, 86, 9, 450, 1),
	(146, 86, 10, 150, 1),
	(147, 86, 15, 23, 1),
	(148, 86, 16, 48, 1),
	(149, 86, 17, 23, 1),
	(150, 87, 1, 10, 1),
	(151, 88, 2, 20, 1),
	(152, 88, 3, 1, 3),
	(153, 89, 2, 20, 1),
	(154, 89, 3, 1, 3),
	(155, 90, 2, 20, 1),
	(156, 90, 3, 1, 3),
	(157, 91, 4, 25, 22),
	(158, 92, 9, 450, 1),
	(159, 93, 2, 20, 1),
	(160, 93, 4, 25, 1),
	(161, 93, 3, 1, 1),
	(162, 96, 2, 20, 1),
	(163, 96, 1, 10, 1),
	(164, 96, 3, 1, 1),
	(165, 97, 2, 20, 1),
	(166, 97, 4, 25, 1),
	(167, 97, 3, 1, 1),
	(168, 98, 3, 1, 1),
	(169, 98, 2, 20, 1),
	(170, 99, 1, 10, 1),
	(171, 100, 1, 10, 1),
	(172, 100, 2, 20, 1),
	(173, 100, 3, 1, 1),
	(174, 101, 1, 10, 1),
	(175, 101, 2, 20, 1),
	(176, 101, 3, 1, 1),
	(177, 102, 1, 10, 1),
	(178, 102, 2, 20, 1),
	(179, 102, 3, 1, 1),
	(180, 102, 4, 25, 1),
	(181, 103, 1, 10, 2),
	(182, 103, 3, 1, 3),
	(183, 103, 4, 25, 2),
	(184, 104, 2, 20, 1),
	(185, 104, 1, 10, 1),
	(186, 104, 9, 450, 1),
	(187, 105, 1, 10, 1),
	(188, 105, 2, 20, 2),
	(189, 106, 1, 10, 1),
	(190, 106, 2, 20, 1),
	(191, 106, 3, 1, 1),
	(192, 107, 1, 10, 2),
	(193, 107, 2, 20, 2),
	(194, 107, 10, 150, 1),
	(195, 108, 1, 10, 1),
	(196, 108, 2, 20, 1),
	(197, 109, 2, 20, 1),
	(198, 109, 3, 1, 1),
	(199, 111, 3, 1, 1),
	(200, 111, 2, 20, 1),
	(201, 111, 1, 10, 1),
	(202, 111, 10, 150, 1),
	(203, 112, 1, 10, 1),
	(204, 112, 2, 20, 1),
	(205, 113, 1, 10, 1),
	(206, 113, 2, 20, 1),
	(207, 113, 3, 1, 1),
	(208, 114, 1, 10, 1),
	(209, 114, 3, 1, 1),
	(210, 114, 2, 20, 1),
	(211, 114, 10, 150, 1),
	(212, 115, 1, 10, 1),
	(213, 116, 1, 25, 1),
	(214, 116, 2, 25, 3),
	(215, 113, 3, 1, 1),
	(216, 113, 4, 25, 1),
	(217, 113, 9, 450, 1),
	(218, 113, 10, 150, 1),
	(219, 113, 15, 23, 1),
	(220, 113, 16, 48, 1),
	(221, 117, 1, 25, 1),
	(222, 118, 2, 25, 1),
	(223, 120, 1, 25, 1),
	(224, 122, 1, 25, 1),
	(225, 123, 1, 25, 1),
	(226, 124, 1, 25, 1),
	(227, 125, 1, 25, 1),
	(228, 126, 1, 25, 1),
	(229, 128, 1, 25, 1),
	(230, 129, 1, 25, 1),
	(231, 130, 1, 25, 1),
	(232, 131, 1, 25, 1),
	(233, 132, 1, 25, 1),
	(234, 133, 1, 25, 1),
	(235, 134, 1, 25, 1),
	(236, 135, 1, 25, 1),
	(237, 136, 1, 25, 1),
	(238, 137, 1, 25, 1),
	(239, 138, 1, 25, 1),
	(240, 139, 1, 25, 1),
	(241, 140, 2, 25, 1),
	(242, 141, 1, 25, 1),
	(243, 142, 3, 1, 1),
	(244, 143, 1, 25, 1),
	(245, 144, 20, 0, 1),
	(246, 145, 2, 25, 0),
	(247, 146, 3, 1, 0),
	(248, 147, 10, 150, 4),
	(249, 148, 3, 1, 1),
	(250, 144, 4, 25, 2),
	(251, 128, 4, 25, 1),
	(252, 133, 17, 23, 3),
	(253, 145, 2, 25, 0),
	(254, 146, 3, 1, 1),
	(255, 147, 10, 150, 4),
	(256, 136, 9, 450, 1),
	(257, 136, 15, 23, 1),
	(258, 136, 9, 450, 1),
	(259, 136, 15, 23, 1),
	(260, 140, 2, 25, 1),
	(261, 140, 4, 25, 13),
	(262, 140, 10, 150, 12),
	(263, 140, 2, 25, 1),
	(264, 140, 4, 25, 13),
	(265, 140, 10, 150, 12),
	(266, 140, 2, 25, 1),
	(267, 140, 4, 25, 13),
	(268, 140, 10, 150, 12),
	(269, 134, 9, 450, 1),
	(270, 134, 10, 150, 1),
	(271, 134, 15, 23, 1),
	(272, 134, 9, 450, 1),
	(273, 134, 10, 150, 1),
	(274, 134, 15, 23, 1),
	(275, 134, 9, 450, 1),
	(276, 134, 10, 150, 1),
	(277, 134, 15, 23, 1),
	(278, 131, 9, 450, 1),
	(279, 131, 3, 1, 1),
	(280, 131, 2, 25, 1),
	(281, 131, 9, 450, 1),
	(282, 131, 3, 1, 1),
	(283, 131, 2, 25, 1),
	(284, 131, 9, 450, 1),
	(285, 131, 3, 1, 1),
	(286, 131, 2, 25, 1),
	(287, 149, 2, 25, 1),
	(288, 150, 1, 25, 1),
	(289, 150, 1, 25, 1),
	(290, 150, 2, 25, 2),
	(291, 150, 1, 25, 1),
	(292, 150, 2, 25, 2),
	(293, 149, 1, 25, 1),
	(294, 151, 2, 25, 1),
	(295, 152, 9, 450, 1),
	(296, 149, 3, 1, 1),
	(297, 149, 4, 25, 1),
	(298, 149, 9, 450, 1),
	(299, 149, 3, 1, 1),
	(300, 149, 4, 25, 1),
	(301, 149, 9, 450, 1),
	(302, 149, 3, 1, 1),
	(303, 149, 4, 25, 1),
	(304, 149, 9, 450, 1),
	(305, 151, 2, 25, 1),
	(306, 151, 3, 1, 1),
	(307, 151, 4, 25, 1),
	(308, 151, 2, 25, 1),
	(309, 151, 3, 1, 1),
	(310, 151, 4, 25, 1),
	(311, 151, 2, 25, 1),
	(312, 151, 3, 1, 1),
	(313, 151, 4, 25, 1),
	(314, 152, 2, 25, 1),
	(315, 152, 3, 1, 1),
	(316, 152, 4, 25, 1),
	(317, 153, 3, 1, 1),
	(318, 154, 3, 1, 1),
	(319, 155, 1, 25, 1),
	(320, 155, 4, 25, 1),
	(321, 155, 9, 450, 1),
	(322, 156, 2, 25, 1),
	(323, 157, 3, 1, 1),
	(324, 158, 3, 1, 1),
	(325, 159, 15, 23, 1),
	(326, 160, 16, 48, 1),
	(327, 161, 9, 450, 3),
	(328, 162, 1, 25, 1),
	(329, 163, 9, 450, 5),
	(330, 161, 10, 150, 1),
	(331, 161, 4, 25, 2),
	(332, 162, 9, 450, 4),
	(333, 162, 15, 23, 2),
	(334, 162, 10, 150, 1),
	(335, 163, 15, 23, 9),
	(336, 163, 16, 48, 1);

-- Volcando estructura para tabla ludotecadb.visita_servicios
CREATE TABLE IF NOT EXISTS `visita_servicios` (
  `id` int NOT NULL AUTO_INCREMENT,
  `Visita_Id` int DEFAULT NULL,
  `Servicio_Id` int DEFAULT NULL,
  `Servicio_Precio` int DEFAULT '0',
  PRIMARY KEY (`id`),
  KEY `fk_visita_Servicio_Visita_idx` (`Visita_Id`),
  KEY `fk_visita_Servicio_Servicio_idx` (`Servicio_Id`),
  CONSTRAINT `fk_visita_Servicio_Servicio` FOREIGN KEY (`Servicio_Id`) REFERENCES `servicios` (`id`),
  CONSTRAINT `fk_visita_Servicio_Visita` FOREIGN KEY (`Visita_Id`) REFERENCES `visitas` (`id`)
) ENGINE=InnoDB AUTO_INCREMENT=137 DEFAULT CHARSET=utf8mb3;

-- Volcando datos para la tabla ludotecadb.visita_servicios: ~107 rows (aproximadamente)
INSERT INTO `visita_servicios` (`id`, `Visita_Id`, `Servicio_Id`, `Servicio_Precio`) VALUES
	(30, 49, 3, 250),
	(31, 50, 4, 25),
	(32, 51, 3, 250),
	(33, 52, 2, 14),
	(34, 53, 1, 7),
	(35, 54, 4, 25),
	(36, 55, 3, 250),
	(37, 56, 4, 25),
	(38, 57, 6, 50),
	(39, 58, 6, 50),
	(40, 60, 2, 14),
	(41, 61, 7, 0),
	(42, 62, 1, 7),
	(43, 63, 1, 7),
	(44, 65, 7, 0),
	(45, 66, 3, 250),
	(46, 68, 3, 250),
	(47, 69, 3, 250),
	(48, 70, 1, 7),
	(49, 71, 1, 7),
	(50, 73, 2, 14),
	(51, 75, 1, 7),
	(52, 76, 2, 14),
	(53, 77, 2, 14),
	(54, NULL, 1, 7),
	(55, 77, 1, 7),
	(56, 77, 4, 25),
	(57, 77, 7, 0),
	(58, 78, 3, 250),
	(59, 79, 2, 14),
	(60, 80, 1, 7),
	(61, 81, 7, 0),
	(62, 82, 1, 15),
	(63, 83, 2, 14),
	(64, 84, 3, 250),
	(65, 86, 2, 14),
	(66, 87, 3, 250),
	(67, 88, 2, 14),
	(68, 89, 1, 15),
	(69, 90, 1, 15),
	(70, 91, 2, 14),
	(71, 92, 3, 250),
	(72, 93, 4, 25),
	(73, 96, 1, 15),
	(74, 97, 1, 15),
	(75, 98, 4, 25),
	(76, 99, 7, 0),
	(77, 100, 1, 15),
	(78, 101, 1, 15),
	(79, 102, 1, 15),
	(80, 103, 1, 15),
	(81, 104, 7, 0),
	(82, 105, 1, 15),
	(83, 106, 7, 0),
	(84, 107, 1, 15),
	(85, 108, 1, 15),
	(86, 109, 1, 15),
	(87, 111, 1, 15),
	(88, 112, 1, 15),
	(89, 113, 1, 15),
	(90, 114, 1, 15),
	(91, 115, 4, 25),
	(92, 116, 19, 300),
	(93, 117, 2, 14),
	(94, 118, 7, 0),
	(95, 120, 7, 0),
	(96, 122, 1, 15),
	(97, 123, 7, 0),
	(98, 124, 7, 0),
	(99, 125, 7, 0),
	(100, 126, 2, 14),
	(101, 128, 7, 0),
	(102, 129, 7, 0),
	(103, 130, 7, 0),
	(104, 131, 7, 0),
	(105, 132, 7, 0),
	(106, 133, 7, 0),
	(107, 134, 7, 0),
	(108, 135, 7, 0),
	(109, 136, 7, 0),
	(110, 137, 7, 0),
	(111, 138, 7, 0),
	(112, 139, 7, 0),
	(113, 140, 7, 0),
	(114, 141, 7, 0),
	(115, 142, 2, 14),
	(116, 143, 7, 0),
	(117, 144, 1, 15),
	(118, 145, 7, 0),
	(119, 146, 1, 15),
	(120, 147, 7, 0),
	(121, 148, 7, 0),
	(122, 149, 1, 15),
	(123, 150, 1, 15),
	(124, 151, 1, 15),
	(125, 152, 1, 15),
	(126, 153, 1, 15),
	(127, 154, 1, 15),
	(128, 155, 1, 15),
	(129, 156, 1, 15),
	(130, 157, 1, 15),
	(131, 158, 1, 15),
	(132, 159, 1, 15),
	(133, 160, 1, 15),
	(134, 161, 1, 15),
	(135, 162, 1, 15),
	(136, 163, 1, 15);

/*!40103 SET TIME_ZONE=IFNULL(@OLD_TIME_ZONE, 'system') */;
/*!40101 SET SQL_MODE=IFNULL(@OLD_SQL_MODE, '') */;
/*!40014 SET FOREIGN_KEY_CHECKS=IFNULL(@OLD_FOREIGN_KEY_CHECKS, 1) */;
/*!40101 SET CHARACTER_SET_CLIENT=@OLD_CHARACTER_SET_CLIENT */;
/*!40111 SET SQL_NOTES=IFNULL(@OLD_SQL_NOTES, 1) */;
